title,price,original_price,image_path,category,sku
"ALPINE DM-65 6.5 INCH 2-WAY COAXIAL SPEAKER 50W RMS 200W PEAK",7799,7799,"/images/products/alpine-dm-65-6-5-inch-2-way-coaxial-speaker-50w-rms-200w-pea.jpg","Car Speakers","SC-0001"
"ALPINE DM-65C &amp; DM-65 COMPONENTS AND COAXIAL COMBO",17499,17499,"/images/products/alpine-dm-65c-amp-dm-65-components-and-coaxial-combo.jpg","Car Speakers","SC-0002"
"ALPINE DM-65C 6.5 INCH 2-WAY COMPONENT SPEAKER 50W RMS 200W PEAK",10199,10199,"/images/products/alpine-dm-65c-6-5-inch-2-way-component-speaker-50w-rms-200w-.jpg","Car Speakers","SC-0003"
"Alpine SPJ-161C2 6.5&quot; Coaxial Speakers (50W RMS 250W Peak)",3200,3200,"/images/products/alpine-spj-161c2-6-5-quot-coaxial-speakers-50w-rms-250w-peak.jpg","Car Speakers","SC-0004"
"Alpine SPJ-161CS 6.5&quot; Component Speakers (50W RMS 250W Peak)",4899,4899,"/images/products/alpine-spj-161cs-6-5-quot-component-speakers-50w-rms-250w-pe.jpg","Car Speakers","SC-0005"
"Alto K10 android stereo - 4/64 GB With Android Frame",6800,6800,"/images/products/alto-k10-android-stereo-4-64-gb-with-android-frame.jpg","Car Stereos","SC-0006"
"Android box to convert OEM Stereo to Android - Conpex Ai box 4/64GB android box",11200,11200,"/images/products/android-box-to-convert-oem-stereo-to-android-conpex-ai-box-4.jpg","Car Stereos","SC-0007"
"Android box to convert OEM Stereo to Android - Glider Ai box 4/64GB Octacore processor",12200,12200,"/images/products/android-box-to-convert-oem-stereo-to-android-glider-ai-box-4.jpg","Car Stereos","SC-0008"
"Android box to convert OEM Stereo to Android - Unplug Ai box 4/64GB Octacore processor | Unplug UNP-P400 Picasou Android Box",14200,14200,"/images/products/android-box-to-convert-oem-stereo-to-android-unplug-ai-box-4.jpg","Car Stereos","SC-0009"
"Android box to convert OEM Stereo to Android - Unplug Ai box 4/64GB Octacore processor | Yuemi P8 Picasou Android Box",15900,15900,"/images/products/android-box-to-convert-oem-stereo-to-android-unplug-ai-box-4.jpg","Car Stereos","SC-0010"
"Baleno 2022 Onwards Screen Activator Video In Motion",1100,1100,"/images/products/baleno-2022-onwards-screen-activator-video-in-motion.jpg","Accessories","SC-0011"
"Baleno 9 inches Android Frame with Coupler",899,899,"/images/products/baleno-9-inches-android-frame-with-coupler.jpg","Car Stereos","SC-0012"
"Baleno Auto folding mirrors / ORVM for base model With wiring and switch MSGA ORIGNAL",12900,12900,"/images/products/baleno-auto-folding-mirrors-orvm-for-base-model-with-wiring-.jpg","Exterior","SC-0013"
"Baleno base model to top model conversion kit",18625,18625,"/images/products/baleno-base-model-to-top-model-conversion-kit.jpg","Car Accessories","SC-0014"
"Baleno Camera Activator - To turn on Aftermarket Camera in Orignal Stereo",950,950,"/images/products/baleno-camera-activator-to-turn-on-aftermarket-camera-in-ori.jpg","Car Stereos","SC-0015"
"Baleno Camera Activator - To turn on orignal camera in Android Stereo",850,850,"/images/products/baleno-camera-activator-to-turn-on-orignal-camera-in-android.jpg","Car Stereos","SC-0016"
"Baleno Height adjustment seat",9199,9199,"/images/products/baleno-height-adjustment-seat.jpg","Interior","SC-0017"
"Baleno Orignal MSGA armrest",4600,4600,"/images/products/baleno-orignal-msga-armrest.jpg","Interior","SC-0018"
"Baleno Top Model Steering - Leather Upholstery wrapped with all controls",6900,6900,"/images/products/baleno-top-model-steering-leather-upholstery-wrapped-with-al.jpg","Interior","SC-0019"
"Batman Car Perfume Spray (50ml) - DC Comics OFFICIAL MERCHANDISE",1025,1025,"/images/products/batman-car-perfume-spray-50ml-dc-comics-official-merchandise.jpg","Car Perfumes","SC-0020"
"Blam Express Components &amp; Coaxial Combo Blam Express OM160 ES13 | OM160 EC",13200,13200,"/images/products/blam-express-components-amp-coaxial-combo-blam-express-om160.jpg","Car Speakers","SC-0021"
"Blaupunkt BP3600 360 Degree Camera Kit",7290,7290,"/images/products/blaupunkt-bp3600-360-degree-camera-kit.jpg","Electronics","SC-0022"
"Blaupunkt Car Air Purifier (AP 1.1 AIRPURE) With 3 Layer filter System",6500,6500,"/images/products/blaupunkt-car-air-purifier-ap-1-1-airpure-with-3-layer-filte.jpg","Car Perfumes","SC-0023"
"Blaupunkt DASHCAM 505 WIFI 1080p Front Dashcam",4800,4800,"/images/products/blaupunkt-dashcam-505-wifi-1080p-front-dashcam.jpg","Electronics","SC-0024"
"Blaupunkt GTB 8200A 8&quot; Class D Active Subwoofer (75W RMS 200W Peak)",8300,8300,"/images/products/blaupunkt-gtb-8200a-8-quot-class-d-active-subwoofer-75w-rms-.jpg","Car Subwoofers","SC-0025"
"Blaupunkt Key Largo 1010 android stereo (Free Blaupunkt Reverse Camera DH3.1 AHD)",13250,13250,"/images/products/blaupunkt-key-largo-1010-android-stereo-free-blaupunkt-rever.jpg","Car Stereos","SC-0026"
"Blaupunkt NEX6000 PRO Fog lamps with frame for Tata Nexon / Tata Curv",8992,8992,"/images/products/blaupunkt-nex6000-pro-fog-lamps-with-frame-for-tata-nexon-ta.jpg","Car Amplifiers","SC-0027"
"Blaupunkt NEX8000 PRO Fog lamps with frame for Tata Nexon / Tata Curv / Tata Safari",9700,9700,"/images/products/blaupunkt-nex8000-pro-fog-lamps-with-frame-for-tata-nexon-ta.jpg","Car Amplifiers","SC-0028"
"Blaupunkt Palm Bay 1000 Android stereo 2/32 GB (Free AHD Reverse Camera)",15900,15900,"/images/products/blaupunkt-palm-bay-1000-android-stereo-2-32-gb-free-ahd-reve.jpg","Car Stereos","SC-0029"
"Blaupunkt Palm Bay 1000 Android stereo 4/64GB (Free AHD Reverse Camera)",22999,22999,"/images/products/blaupunkt-palm-bay-1000-android-stereo-4-64gb-free-ahd-rever.jpg","Car Stereos","SC-0030"
"Blaupunkt Palm Bay 1000 with Blaupunkt 360 Camera kit COMBO",23200,23200,"/images/products/blaupunkt-palm-bay-1000-with-blaupunkt-360-camera-kit-combo.jpg","Electronics","SC-0031"
"Blaupunkt Palm Bay 1000 with Mtrax 360 Camera kit COMBO",21790,21790,"/images/products/blaupunkt-palm-bay-1000-with-mtrax-360-camera-kit-combo.jpg","Electronics","SC-0032"
"Blaupunkt Pure Coaxial Speakers 66.2",1600,1600,"/images/products/blaupunkt-pure-coaxial-speakers-66-2.jpg","Car Speakers","SC-0033"
"Blaupunkt San Jose 1000 9 Inches Android Stereo 4GB Ram 64GB Storage Android v13.",27500,27500,"/images/products/blaupunkt-san-jose-1000-9-inches-android-stereo-4gb-ram-64gb.jpg","Car Stereos","SC-0034"
"Blaupunkt XLF 10A 10” Compact Active Under Seat Subwoofer (150W RMS 600W Peak)",13900,13900,"/images/products/blaupunkt-xlf-10a-10-compact-active-under-seat-subwoofer-150.jpg","Car Subwoofers","SC-0035"
"Brezza 2022 Onwards Screen Activator Video In Motion",1100,1100,"/images/products/brezza-2022-onwards-screen-activator-video-in-motion.jpg","Accessories","SC-0036"
"Brezza Android stereo - 4/64 GB With Android Frame",5800,5800,"/images/products/brezza-android-stereo-4-64-gb-with-android-frame.jpg","Car Stereos","SC-0037"
"Brezza Auto folding mirrors / ORVM for base model With wiring and switch MSGA ORIGNAL",12900,12900,"/images/products/brezza-auto-folding-mirrors-orvm-for-base-model-with-wiring-.jpg","Exterior","SC-0038"
"Brezza base model to top model conversion kit",17940,17940,"/images/products/brezza-base-model-to-top-model-conversion-kit.jpg","Car Accessories","SC-0039"
"Brezza Height adjustment seat",9199,9199,"/images/products/brezza-height-adjustment-seat.jpg","Interior","SC-0040"
"Brezza Top Model Steering - Leather Upholstery wrapped with all controls",6900,6900,"/images/products/brezza-top-model-steering-leather-upholstery-wrapped-with-al.jpg","Interior","SC-0041"
"Cardi K3 Ambient Lights - Set of 10 pieces",4920,4920,"/images/products/cardi-k3-ambient-lights-set-of-10-pieces.jpg","Lighting","SC-0042"
"Cardi K3 Ambient Lights - Set of 18 pieces",5800,5800,"/images/products/cardi-k3-ambient-lights-set-of-18-pieces.jpg","Lighting","SC-0043"
"Cardi K3 Ambient Lights - Set of 6 pieces",4400,4400,"/images/products/cardi-k3-ambient-lights-set-of-6-pieces.jpg","Lighting","SC-0044"
"Cardi K4 Ambient Lights - Set of 10 pieces",5520,5520,"/images/products/cardi-k4-ambient-lights-set-of-10-pieces.jpg","Lighting","SC-0045"
"Cardi K4 Ambient Lights - Set of 18 pieces",6300,6300,"/images/products/cardi-k4-ambient-lights-set-of-18-pieces.jpg","Lighting","SC-0046"
"Cardi K4 Ambient Lights - Set of 6 pieces",5170,5170,"/images/products/cardi-k4-ambient-lights-set-of-6-pieces.jpg","Lighting","SC-0047"
"Ciaz 9 inches Android Frame with Coupler",1200,1200,"/images/products/ciaz-9-inches-android-frame-with-coupler.jpg","Car Stereos","SC-0048"
"Ciaz Camera Activator - To turn on orignal camera in Android Stereo",850,850,"/images/products/ciaz-camera-activator-to-turn-on-orignal-camera-in-android-s.jpg","Car Stereos","SC-0049"
"Clarion GL-300 Android stereo with CarPlay &amp; Android Auto",10499,10499,"/images/products/clarion-gl-300-android-stereo-with-carplay-amp-android-auto.jpg","Car Stereos","SC-0050"
"Conpex 110W Trio Color Projector Fog Lights - Malibu Series 3 inches",8900,8900,"/images/products/conpex-110w-trio-color-projector-fog-lights-malibu-series-3-.jpg","Lighting","SC-0051"
"Cruleon 180Watts Triocolor Projector Foglights - 2 inches",8400,8400,"/images/products/cruleon-180watts-triocolor-projector-foglights-2-inches.jpg","Lighting","SC-0052"
"Cruleon 180Watts Triocolor Projector Foglights - 3 inches",8600,8600,"/images/products/cruleon-180watts-triocolor-projector-foglights-3-inches.jpg","Lighting","SC-0053"
"DB Drive 6.5 Inches Coaxial Speaker- (DB6) 120 Watt Peak Power",3999,3999,"/images/products/db-drive-6-5-inches-coaxial-speaker-db6-120-watt-peak-power.jpg","Car Speakers","SC-0054"
"DC Batman Bobblehead Fiber Car Perfume with Batman Keychain | Action Figure Bobblehead | OFFICIAL DC MERCHANDISE Limited Edition for Car Dashboard &amp; Office Desk",1025,1025,"/images/products/dc-batman-bobblehead-fiber-car-perfume-with-batman-keychain-.jpg","Car Amplifiers","SC-0055"
"DC Superman Bobblehead Fiber Car Perfume with Batman Keychain | Action Figure Bobblehead | OFFICIAL DC MERCHANDISE Limited Edition for Car Dashboard &amp; Office Desk",1025,1025,"/images/products/dc-superman-bobblehead-fiber-car-perfume-with-batman-keychai.jpg","Car Amplifiers","SC-0056"
"DD AUDIO RL-LA600.1 Redline Monoblock Amplifier With Bass Controller",11900,11900,"/images/products/dd-audio-rl-la600-1-redline-monoblock-amplifier-with-bass-co.jpg","Car Amplifiers","SC-0057"
"DHC F90 6000K Led Lights for Car Headlights / Foglights - 180 Watts led lights",5900,5900,"/images/products/dhc-f90-6000k-led-lights-for-car-headlights-foglights-180-wa.jpg","Lighting","SC-0058"
"DHC Pulse Max 5 Inch Projector Auxiliary Light 3 Lens Laser Projector",11500,11500,"/images/products/dhc-pulse-max-5-inch-projector-auxiliary-light-3-lens-laser-.jpg","Lighting","SC-0059"
"Ertiga 2022 Onwards Screen Activator Video In Motion",1100,1100,"/images/products/ertiga-2022-onwards-screen-activator-video-in-motion.jpg","Accessories","SC-0060"
"Ertiga Android Frame 9 Inches With Coupler",630,630,"/images/products/ertiga-android-frame-9-inches-with-coupler.jpg","Car Stereos","SC-0061"
"Ertiga Camera Activator - To turn on Aftermarket Camera in Orignal Stereo",950,950,"/images/products/ertiga-camera-activator-to-turn-on-aftermarket-camera-in-ori.jpg","Car Stereos","SC-0062"
"Ertiga Camera Activator - To turn on orignal camera in Android Stereo",850,850,"/images/products/ertiga-camera-activator-to-turn-on-orignal-camera-in-android.jpg","Car Stereos","SC-0063"
"Ertiga GTR Grill | Ertiga 2018 onwards GTR grill | Ertiga modified Grill",5900,5900,"/images/products/ertiga-gtr-grill-ertiga-2018-onwards-gtr-grill-ertiga-modifi.jpg","Exterior","SC-0064"
"Foglight wiring kit 12V/40A Relay | Copper wiring kit with switch",890,890,"/images/products/foglight-wiring-kit-12v-40a-relay-copper-wiring-kit-with-swi.jpg","Lighting","SC-0065"
"Ford Endeavour 2015 Onwards Rear Reflector Light With Matrix Function",2490,2490,"/images/products/ford-endeavour-2015-onwards-rear-reflector-light-with-matrix.jpg","Lighting","SC-0066"
"Fronx 9 inches Android Frame with Coupler (Gloss Black)",900,900,"/images/products/fronx-9-inches-android-frame-with-coupler-gloss-black.jpg","Car Stereos","SC-0067"
"Fronx auto folding mirrors / ORVM for base model With wiring and switch MSGA ORIGNAL",12900,12900,"/images/products/fronx-auto-folding-mirrors-orvm-for-base-model-with-wiring-a.jpg","Exterior","SC-0068"
"Fronx base model to top model conversion kit",18699,18699,"/images/products/fronx-base-model-to-top-model-conversion-kit.jpg","Car Accessories","SC-0069"
"Fronx Height adjustment seat",9199,9199,"/images/products/fronx-height-adjustment-seat.jpg","Interior","SC-0070"
"Fronx Maybach Grill 2023 onwards | Orignal Chrome 12 micron |Salt Tested",5200,5200,"/images/products/fronx-maybach-grill-2023-onwards-orignal-chrome-12-micron-sa.jpg","Exterior","SC-0071"
"Fronx Orignal MSGA armrest",4600,4600,"/images/products/fronx-orignal-msga-armrest.jpg","Interior","SC-0072"
"Fronx Screen Activator Video Interface",1100,1100,"/images/products/fronx-screen-activator-video-interface.jpg","Accessories","SC-0073"
"Fronx Top Model Steering - Leather Upholstery wrapped with all controls",6900,6900,"/images/products/fronx-top-model-steering-leather-upholstery-wrapped-with-all.jpg","Interior","SC-0074"
"Grand i10 android stereo - 4/64 GB With Android Frame",6800,6800,"/images/products/grand-i10-android-stereo-4-64-gb-with-android-frame.jpg","Car Stereos","SC-0075"
"Grand Vitara 9 inches Android Frame with Coupler (Gloss Black)",1400,1400,"/images/products/grand-vitara-9-inches-android-frame-with-coupler-gloss-black.jpg","Car Stereos","SC-0076"
"Grand Vitara Interior Ambient Lighting | Cardi K4 19 Pieces Kit",17000,17000,"/images/products/grand-vitara-interior-ambient-lighting-cardi-k4-19-pieces-ki.jpg","Lighting","SC-0077"
"Grand Vitara Reflector Lights - Smoke Glass",4100,4100,"/images/products/grand-vitara-reflector-lights-smoke-glass.jpg","Lighting","SC-0078"
"Grand Vitara Screen Activator Video In Motion",1100,1100,"/images/products/grand-vitara-screen-activator-video-in-motion.jpg","Accessories","SC-0079"
"Grand Vitara Steering with Audio &amp; Cruise Control Buttons Hub included",6500,6500,"/images/products/grand-vitara-steering-with-audio-amp-cruise-control-buttons-.jpg","Car Amplifiers","SC-0080"
"HERTZ Coaxial Speakers - Dieci Series-DCX 87.3",7499,7499,"/images/products/hertz-coaxial-speakers-dieci-series-dcx-87-3.jpg","Car Speakers","SC-0081"
"Hertz HCP4 (AMPLIFIER) Multi Class AB 4 Channel Car Amplifier",14990,14990,"/images/products/hertz-hcp4-amplifier-multi-class-ab-4-channel-car-amplifier.jpg","Car Amplifiers","SC-0082"
"HERTZ K 165 2 Way Component Car Speakers 300 Watts",6900,6900,"/images/products/hertz-k-165-2-way-component-car-speakers-300-watts.jpg","Car Speakers","SC-0083"
"HERTZ X 165 2 Way Coaxial Car Speakers 220 Watts",5500,5500,"/images/products/hertz-x-165-2-way-coaxial-car-speakers-220-watts.jpg","Car Speakers","SC-0084"
"Honda amaze 2016-18 9 inches Android Frame with Coupler (Gloss Black)",1200,1200,"/images/products/honda-amaze-2016-18-9-inches-android-frame-with-coupler-glos.jpg","Car Stereos","SC-0085"
"Honda Amaze 2018 Onwards 9 inches Android Frame with Coupler (Gloss Black)",1350,1350,"/images/products/honda-amaze-2018-onwards-9-inches-android-frame-with-coupler.jpg","Car Stereos","SC-0086"
"Honda Amaze android stereo - 4/64 GB With Android Frame",6800,6800,"/images/products/honda-amaze-android-stereo-4-64-gb-with-android-frame.jpg","Car Stereos","SC-0087"
"Honda Amaze Orignal Armrest 2018 Onwards",4200,4200,"/images/products/honda-amaze-orignal-armrest-2018-onwards.jpg","Interior","SC-0088"
"Honda Amaze Orignal Armrest 2025 Onwards",4200,4200,"/images/products/honda-amaze-orignal-armrest-2025-onwards.jpg","Interior","SC-0089"
"Honda Brio android stereo - 4/64 GB With Android Frame",6800,6800,"/images/products/honda-brio-android-stereo-4-64-gb-with-android-frame.jpg","Car Stereos","SC-0090"
"Honda Idtec 10 inches Android Frame with Coupler (Gloss Black)",1350,1350,"/images/products/honda-idtec-10-inches-android-frame-with-coupler-gloss-black.jpg","Car Stereos","SC-0091"
"Honda WRV 9 inches Android Frame with Coupler (Gloss Black)",1350,1350,"/images/products/honda-wrv-9-inches-android-frame-with-coupler-gloss-black.jpg","Car Stereos","SC-0092"
"Hyundai Alcazar Camera Activator - To turn on orignal camera in Android Stereo",1450,1450,"/images/products/hyundai-alcazar-camera-activator-to-turn-on-orignal-camera-i.jpg","Car Stereos","SC-0093"
"Hyundai Creta Camera Activator - To turn on orignal camera in Android Stereo",1450,1450,"/images/products/hyundai-creta-camera-activator-to-turn-on-orignal-camera-in-.jpg","Car Stereos","SC-0094"
"Hyundai i10 Grand Nios 2019-22 LED Reflector Lights",2130,2130,"/images/products/hyundai-i10-grand-nios-2019-22-led-reflector-lights.jpg","Lighting","SC-0095"
"Hyundai i20 Camera Activator - To turn on orignal camera in Android Stereo",1450,1450,"/images/products/hyundai-i20-camera-activator-to-turn-on-orignal-camera-in-an.jpg","Car Stereos","SC-0096"
"Hyundai Venue Camera Activator - To turn on orignal camera in Android Stereo",1450,1450,"/images/products/hyundai-venue-camera-activator-to-turn-on-orignal-camera-in-.jpg","Car Stereos","SC-0097"
"Ignis Android Frame 9 Inches With Coupler",600,600,"/images/products/ignis-android-frame-9-inches-with-coupler.jpg","Car Stereos","SC-0098"
"Ignis android stereo - 4/64 GB With Android Frame",6800,6800,"/images/products/ignis-android-stereo-4-64-gb-with-android-frame.jpg","Car Stereos","SC-0099"
"Ignis Camera Activator - To turn on Aftermarket Camera in Orignal Stereo",950,950,"/images/products/ignis-camera-activator-to-turn-on-aftermarket-camera-in-orig.jpg","Car Stereos","SC-0100"
"Ignis Camera Activator - To turn on orignal camera in Android Stereo",850,850,"/images/products/ignis-camera-activator-to-turn-on-orignal-camera-in-android-.jpg","Car Stereos","SC-0101"
"Infinity Alpha 601CF 6.5&quot; 2-Way Car Audio Component Speakers (315W Peak 45W RMS)",4800,4800,"/images/products/infinity-alpha-601cf-6-5-quot-2-way-car-audio-component-spea.jpg","Car Speakers","SC-0102"
"Infinity Alpha 603CF &amp; 603F Combo - Infinity Alpha Components and Coaxials speakers",9500,9500,"/images/products/infinity-alpha-603cf-amp-603f-combo-infinity-alpha-component.jpg","Car Speakers","SC-0103"
"Infinity Alpha 603CF Component Speakers 720W Peak Power 90W RMS",6100,6100,"/images/products/infinity-alpha-603cf-component-speakers-720w-peak-power-90w-.jpg","Car Speakers","SC-0104"
"Infinity Alpha 603F Coaxial Speakers 480W Peak Power 60W RMS",3350,3350,"/images/products/infinity-alpha-603f-coaxial-speakers-480w-peak-power-60w-rms.jpg","Car Speakers","SC-0105"
"Infinity Basslink Mini 100 Watt RMS 200 Watt Peak Subwoofer",18700,18700,"/images/products/infinity-basslink-mini-100-watt-rms-200-watt-peak-subwoofer.jpg","Car Subwoofers","SC-0106"
"Infinity Car Coaxial Speaker | Alpha 6520F | Peak Power - 320W | RMS Power - 40W | Wired 6.5 Inch 2-Way Coaxial Speaker",2700,2700,"/images/products/infinity-car-coaxial-speaker-alpha-6520f-peak-power-320w-rms.jpg","Car Speakers","SC-0107"
"Infinity Car Dashcam 200D | Dual Channel | Night Vision | 1080 Full HD + Rear View Camera | G-Sensor | 3&quot; IPS Display | Wi-Fi, Mic",4800,4800,"/images/products/infinity-car-dashcam-200d-dual-channel-night-vision-1080-ful.jpg","Electronics","SC-0108"
"Infinity Car Dashcam D100 | 1080 Full HD Camera | Night Vision | Wide-Angle FOV | Built-in Wi-Fi, Mic | App Control | G-Sensor",2500,2500,"/images/products/infinity-car-dashcam-d100-1080-full-hd-camera-night-vision-w.jpg","Electronics","SC-0109"
"Infinity Primus PR6512ISHI 6.5&quot; Coaxial Speakers (55W RMS 165W Peak)",4499,4499,"/images/products/infinity-primus-pr6512ishi-6-5-quot-coaxial-speakers-55w-rms.jpg","Car Speakers","SC-0110"
"Innova Crysta android 9 inches frame",1100,1100,"/images/products/innova-crysta-android-9-inches-frame.jpg","Car Stereos","SC-0111"
"Innova Crysta android stereo - 4/64 GB With Android Frame",6800,6800,"/images/products/innova-crysta-android-stereo-4-64-gb-with-android-frame.jpg","Car Stereos","SC-0112"
"Innova Hycross 3 inches Projector Fog Lamp Grill",3999,3999,"/images/products/innova-hycross-3-inches-projector-fog-lamp-grill.jpg","Car Amplifiers","SC-0113"
"Innova Hycross 3 Projector Headlights",79999,79999,"/images/products/innova-hycross-3-projector-headlights.jpg","Lighting","SC-0114"
"Innova Hycross ABS Quality Wing Spoiler",4600,4600,"/images/products/innova-hycross-abs-quality-wing-spoiler.jpg","Car Accessories","SC-0115"
"Innova Hycross Alphard Tail Lights - Red Glass",27500,27500,"/images/products/innova-hycross-alphard-tail-lights-red-glass.jpg","Lighting","SC-0116"
"Innova Hycross Front and Rear Bumper Diffuser ABS Quality",4950,4950,"/images/products/innova-hycross-front-and-rear-bumper-diffuser-abs-quality.jpg","Car Accessories","SC-0117"
"Innova Hycross Maybach Grill",7600,7600,"/images/products/innova-hycross-maybach-grill.jpg","Exterior","SC-0118"
"JBL BASSPRO 8” ACTIVE SUBWOOFER WITH CLASS D AMPLIFIER",16250,16250,"/images/products/jbl-basspro-8-active-subwoofer-with-class-d-amplifier.jpg","Car Amplifiers","SC-0119"
"JBL BASSPRO NANO ACTIVE UNDERSEAT SUBWOOFER",21900,21900,"/images/products/jbl-basspro-nano-active-underseat-subwoofer.jpg","Car Subwoofers","SC-0120"
"JBL Basspro SL2 8&quot; Class D Compact Underseat Subwoofer with Bass Controller (125W RMS)",26300,26300,"/images/products/jbl-basspro-sl2-8-quot-class-d-compact-underseat-subwoofer-w.jpg","Car Subwoofers","SC-0121"
"JBL Club A754 4-Channel Amplifier (4x 75W)",16999,16999,"/images/products/jbl-club-a754-4-channel-amplifier-4x-75w.jpg","Car Amplifiers","SC-0122"
"JBL Concert A704 1000W 4-Channel Amplifier",9999,9999,"/images/products/jbl-concert-a704-1000w-4-channel-amplifier.jpg","Car Amplifiers","SC-0123"
"JBL Stage 1 621F | 6.5-Inch 2-Way Coaxial Car Speaker (350W Peak / 70W RMS)",2750,2750,"/images/products/jbl-stage-1-621f-6-5-inch-2-way-coaxial-car-speaker-350w-pea.jpg","Car Speakers","SC-0124"
"JL Audio 12W0V3-4 12&quot; Subwoofer (300W RMS)",12500,12500,"/images/products/jl-audio-12w0v3-4-12-quot-subwoofer-300w-rms.jpg","Car Subwoofers","SC-0125"
"JL Audio C1-650 6.5-inch 2-Way Component Speaker System",9800,9800,"/images/products/jl-audio-c1-650-6-5-inch-2-way-component-speaker-system.jpg","Car Speakers","SC-0126"
"Kia Carens Connecting tail light - Imported",5100,5100,"/images/products/kia-carens-connecting-tail-light-imported.jpg","Lighting","SC-0127"
"Mahindra Scorpio Classic Wireless Charging Pad Mahindra Orignal Part",3650,3650,"/images/products/mahindra-scorpio-classic-wireless-charging-pad-mahindra-orig.jpg","Car Accessories","SC-0128"
"Mahindra Scorpio N Classic Wireless Charging Pad Mahindra Orignal Part",3650,3650,"/images/products/mahindra-scorpio-n-classic-wireless-charging-pad-mahindra-or.jpg","Car Accessories","SC-0129"
"Mahindra Scorpio N Modified Tail Lights",17900,17900,"/images/products/mahindra-scorpio-n-modified-tail-lights.jpg","Lighting","SC-0130"
"Mahindra Thar Bronco Style LED Roof Spoiler | Thar Roxx Bronco Spoiler",10000,10000,"/images/products/mahindra-thar-bronco-style-led-roof-spoiler-thar-roxx-bronco.jpg","Lighting","SC-0131"
"Mahindra Thar Roxx Wireless Charging Pad Mahindra Orignal Part",3650,3650,"/images/products/mahindra-thar-roxx-wireless-charging-pad-mahindra-orignal-pa.jpg","Car Accessories","SC-0132"
"Mahindra Thar Wireless Charging Pad Mahindra Orignal Part",3650,3650,"/images/products/mahindra-thar-wireless-charging-pad-mahindra-orignal-part.jpg","Car Accessories","SC-0133"
"Mahindra Xuv300 Classic Wireless Charging Pad Mahindra Orignal Part",3650,3650,"/images/products/mahindra-xuv300-classic-wireless-charging-pad-mahindra-orign.jpg","Car Accessories","SC-0134"
"MARTS Digital 4 Channel Class D Amplifier - MXS100.4",11990,11990,"/images/products/marts-digital-4-channel-class-d-amplifier-mxs100-4.jpg","Car Amplifiers","SC-0135"
"Maruti Suzuki Brezza 2016-2020 Audi Style Modified LED Tail lights",14000,14000,"/images/products/maruti-suzuki-brezza-2016-2020-audi-style-modified-led-tail-.jpg","Lighting","SC-0136"
"Maruti Suzuki Victoris Connecting Tail Light",11899,11899,"/images/products/maruti-suzuki-victoris-connecting-tail-light.jpg","Lighting","SC-0137"
"MoBass 4 CHANNEL AMPLIFIER MBD-200.4 200WATT*4 AMPLIFIER",13500,13500,"/images/products/mobass-4-channel-amplifier-mbd-200-4-200watt-4-amplifier.jpg","Car Amplifiers","SC-0138"
"Morel Maximo MK2 Component Speakers",6000,6000,"/images/products/morel-maximo-mk2-component-speakers.jpg","Car Speakers","SC-0139"
"Morel Maximo MK3 Component Speakers",8000,8000,"/images/products/morel-maximo-mk3-component-speakers.jpg","Car Speakers","SC-0140"
"Morel MPD4.100 4 Channel amplifier",13900,13900,"/images/products/morel-mpd4-100-4-channel-amplifier.jpg","Car Amplifiers","SC-0141"
"Mtrax 360 Camera kit | 1080p 360 Degree camera kit for android stereo",6500,6500,"/images/products/mtrax-360-camera-kit-1080p-360-degree-camera-kit-for-android.jpg","Car Stereos","SC-0142"
"Mtrax Android Stereo 4GB Ram 64GB Storage with Wireless CarPlay and Android auto",8090,8090,"/images/products/mtrax-android-stereo-4gb-ram-64gb-storage-with-wireless-carp.jpg","Car Stereos","SC-0143"
"Mtrax Android Stereo With 360 Camera Kit",13442,13442,"/images/products/mtrax-android-stereo-with-360-camera-kit.jpg","Car Stereos","SC-0144"
"Nakamichi NAM5240T-A9Z Android Stereo With Carplay &amp; Android Auto (2+32G Zlink)",11324,11324,"/images/products/nakamichi-nam5240t-a9z-android-stereo-with-carplay-amp-andro.jpg","Car Stereos","SC-0145"
"NAKAMICHI NAM5260 4GB RAM 64GB STORAGE ANDROID CAR STEREO",13899,13899,"/images/products/nakamichi-nam5260-4gb-ram-64gb-storage-android-car-stereo.jpg","Car Stereos","SC-0146"
"NAKAMICHI NDSK4285AU Input: 2 Channels low level,4 Channel high level input || Output: 8 Channels low level,4 Channels 70W Max power",12500,12500,"/images/products/nakamichi-ndsk4285au-input-2-channels-low-level-4-channel-hi.jpg","Car Accessories","SC-0147"
"Nakamichi NKTA75.4 4 Channel Amplifier",8200,8200,"/images/products/nakamichi-nkta75-4-4-channel-amplifier.jpg","Car Amplifiers","SC-0148"
"New Baleno 9 inches Android Frame with Coupler (Gloss Black)",1400,1400,"/images/products/new-baleno-9-inches-android-frame-with-coupler-gloss-black.jpg","Car Stereos","SC-0149"
"New Brezza 9 inches Android Frame with Coupler (Gloss Black)",1400,1400,"/images/products/new-brezza-9-inches-android-frame-with-coupler-gloss-black.jpg","Car Stereos","SC-0150"
"Nippon 170 Watts Led Lights for Car Headlights / Fog Lights",5850,5850,"/images/products/nippon-170-watts-led-lights-for-car-headlights-fog-lights.jpg","Lighting","SC-0151"
"Nippon 9 pro X Android stereo 2/32 GB with certified Wireless CarPlay &amp; Android auto",12900,12900,"/images/products/nippon-9-pro-x-android-stereo-2-32-gb-with-certified-wireles.jpg","Car Stereos","SC-0152"
"Nippon NDROID 9T 2/64 GB Android Stereo with QLED Display (Certified Wireless CarPlay &amp; Android Auto)",10900,10900,"/images/products/nippon-ndroid-9t-2-64-gb-android-stereo-with-qled-display-ce.jpg","Car Stereos","SC-0153"
"Nippon NDROID 9T 4/64GB Android Stereo with QLED Display (Certified CarPlay &amp; Android Auto)",11900,11900,"/images/products/nippon-ndroid-9t-4-64gb-android-stereo-with-qled-display-cer.jpg","Car Stereos","SC-0154"
"Nippon NDROID 9U Android Stereo 4/64Gb 360 Support",16500,16500,"/images/products/nippon-ndroid-9u-android-stereo-4-64gb-360-support.jpg","Car Stereos","SC-0155"
"Nippon Tyre Inflator 12V with analog meter and emergency light",2750,2750,"/images/products/nippon-tyre-inflator-12v-with-analog-meter-and-emergency-lig.jpg","Lighting","SC-0156"
"Nissan Magnite android stereo - 4/64 GB With Android Frame",6800,6800,"/images/products/nissan-magnite-android-stereo-4-64-gb-with-android-frame.jpg","Car Stereos","SC-0157"
"Old Brezza 9 inches Android Frame with Coupler",1400,1400,"/images/products/old-brezza-9-inches-android-frame-with-coupler.jpg","Car Stereos","SC-0158"
"Old Creta android stereo - 4/64 GB With Android Frame",6800,6800,"/images/products/old-creta-android-stereo-4-64-gb-with-android-frame.jpg","Car Stereos","SC-0159"
"Onkyo  X-QD1120 PRO android stereo with certified wireless CarPlay &amp; Android Auto 4GB/64GB (Free AHD Reverse Camera)",14830,14830,"/images/products/onkyo-x-qd1120-pro-android-stereo-with-certified-wireless-ca.jpg","Car Stereos","SC-0160"
"Onkyo Fog Light Projectors - 2 Inches Projector Fog Lights",10200,10200,"/images/products/onkyo-fog-light-projectors-2-inches-projector-fog-lights.jpg","Lighting","SC-0161"
"Onkyo Fog Light Projectors - 3 Inches Projector Fog Lights",11500,11500,"/images/products/onkyo-fog-light-projectors-3-inches-projector-fog-lights.jpg","Lighting","SC-0162"
"Onkyo Grille Lights - 3 Lens Projector Spot Lights",9800,9800,"/images/products/onkyo-grille-lights-3-lens-projector-spot-lights.jpg","Lighting","SC-0163"
"Onkyo Led Lights X-E1200 - 242 Watts",6700,6700,"/images/products/onkyo-led-lights-x-e1200-242-watts.jpg","Lighting","SC-0164"
"Onkyo R-MS25 DSP Amplifier for car | Onkyo Digital Sound Processor R-MS25",13200,13200,"/images/products/onkyo-r-ms25-dsp-amplifier-for-car-onkyo-digital-sound-proce.jpg","Car Amplifiers","SC-0165"
"Onkyo R-MS55 DSP Amplifier for car | Onkyo Digital Sound Processor R-MS55",14200,14200,"/images/products/onkyo-r-ms55-dsp-amplifier-for-car-onkyo-digital-sound-proce.jpg","Car Amplifiers","SC-0166"
"Onkyo R-MS66 DSP Amplifier for car | Onkyo Digital Sound Processor R-MS66",18900,18900,"/images/products/onkyo-r-ms66-dsp-amplifier-for-car-onkyo-digital-sound-proce.jpg","Car Amplifiers","SC-0167"
"ONKYO V-T60.4A 4 Channel Class AB Amplifier",8200,8200,"/images/products/onkyo-v-t60-4a-4-channel-class-ab-amplifier.jpg","Car Amplifiers","SC-0168"
"Onkyo V-T750.5A 5 Channel Class A/B Amplifier",13600,13600,"/images/products/onkyo-v-t750-5a-5-channel-class-a-b-amplifier.jpg","Car Amplifiers","SC-0169"
"ONKYO V-T80.4A 4 Channel Class AB Amplifier",10200,10200,"/images/products/onkyo-v-t80-4a-4-channel-class-ab-amplifier.jpg","Car Amplifiers","SC-0170"
"ONKYO X-M650C2 6.5 Inch Mid Range Speaker",5990,5990,"/images/products/onkyo-x-m650c2-6-5-inch-mid-range-speaker.jpg","Car Speakers","SC-0171"
"Onkyo X-ME11 DSP Amplifier for car | Onkyo Digital Sound Processor X-ME11",9900,9900,"/images/products/onkyo-x-me11-dsp-amplifier-for-car-onkyo-digital-sound-proce.jpg","Car Amplifiers","SC-0172"
"Onkyo X-QD1120 android stereo 2/32GB",11900,11900,"/images/products/onkyo-x-qd1120-android-stereo-2-32gb.jpg","Car Stereos","SC-0173"
"Onkyo X-QD1120 PRO android stereo with certified wireless CarPlay &amp; A.A (2GB RAM / 32GB STORAGE) Free AHD Reverse Camera",11999,11999,"/images/products/onkyo-x-qd1120-pro-android-stereo-with-certified-wireless-ca.jpg","Car Stereos","SC-0174"
"Onkyo X-QD1150 Pro Android Stereo with Direct CarPlay &amp; Android Auto 2/32 GB (Free AHD Reverse Camera)",10900,10900,"/images/products/onkyo-x-qd1150-pro-android-stereo-with-direct-carplay-amp-an.jpg","Car Stereos","SC-0175"
"Onkyo X-QD1160 PRO Android Stereo with Certified Wireless CarPlay &amp; Android Auto(AHD Reverse Camera free)",11899,11899,"/images/products/onkyo-x-qd1160-pro-android-stereo-with-certified-wireless-ca.jpg","Car Stereos","SC-0176"
"Onkyo X-QD1530 Android stereo with 2GB RAM 32GB STORAGE (WITH 360 SUPPORT)",13900,13900,"/images/products/onkyo-x-qd1530-android-stereo-with-2gb-ram-32gb-storage-with.jpg","Car Stereos","SC-0177"
"Onkyo X-QD1530 Android stereo with 4GB RAM 64GB STORAGE (WITH 360 SUPPORT)",18800,18800,"/images/products/onkyo-x-qd1530-android-stereo-with-4gb-ram-64gb-storage-with.jpg","Car Stereos","SC-0178"
"Onkyo X-QD1750 android stereo 8 GB Ram 256 GB Storage (High End Model)",49900,49900,"/images/products/onkyo-x-qd1750-android-stereo-8-gb-ram-256-gb-storage-high-e.jpg","Car Stereos","SC-0179"
"Pioneer Car Underseat Woofer TS-WX400DA Class D Active Underseat Woofer 250 Watts Max Power",20300,20300,"/images/products/pioneer-car-underseat-woofer-ts-wx400da-class-d-active-under.jpg","Interior","SC-0180"
"Pioneer DMH-AP6650 BT Car Stereo",22999,22999,"/images/products/pioneer-dmh-ap6650-bt-car-stereo.jpg","Car Stereos","SC-0181"
"Pioneer TS-W1212D4 12&quot; Champion Series DVC Suwoofer (500W RMS 1600W Peak)",7190,7190,"/images/products/pioneer-ts-w1212d4-12-quot-champion-series-dvc-suwoofer-500w.jpg","Car Amplifiers","SC-0182"
"Pioneer TS-WX140DA - Class D Active Underseat Woofer",19660,19660,"/images/products/pioneer-ts-wx140da-class-d-active-underseat-woofer.jpg","Interior","SC-0183"
"Projector Fog Lamp Grill for Grand Vitara 2022 Onwards",4350,4350,"/images/products/projector-fog-lamp-grill-for-grand-vitara-2022-onwards.jpg","Car Amplifiers","SC-0184"
"Rain Gaurd for car speakers | Ferry Water Gaurd 6.5 inches Heavy Plastic ABS quality",620,620,"/images/products/rain-gaurd-for-car-speakers-ferry-water-gaurd-6-5-inches-hea.jpg","Car Speakers","SC-0185"
"Renault Kiger android stereo - 4/64 GB With Android Frame",6800,6800,"/images/products/renault-kiger-android-stereo-4-64-gb-with-android-frame.jpg","Car Stereos","SC-0186"
"Rockford Fosgate R1675-S R1 Prime 2-Way Component Speaker System",6500,6500,"/images/products/rockford-fosgate-r1675-s-r1-prime-2-way-component-speaker-sy.jpg","Car Speakers","SC-0187"
"S cross Camera Activator - To turn on Aftermarket Camera in Orignal Stereo",950,950,"/images/products/s-cross-camera-activator-to-turn-on-aftermarket-camera-in-or.jpg","Car Stereos","SC-0188"
"S cross Camera Activator - To turn on orignal camera in Android Stereo",850,850,"/images/products/s-cross-camera-activator-to-turn-on-orignal-camera-in-androi.jpg","Car Stereos","SC-0189"
"Sansui EGON-1000 Ultra Slim Active Underseat Subwoofer 1000 Watts",12450,12450,"/images/products/sansui-egon-1000-ultra-slim-active-underseat-subwoofer-1000-.jpg","Car Subwoofers","SC-0190"
"Sansui EGON-810 Ultra Slim Active Underseat Subwoofer 1000 Watts",11300,11300,"/images/products/sansui-egon-810-ultra-slim-active-underseat-subwoofer-1000-w.jpg","Car Subwoofers","SC-0191"
"Scorpio N 3 inches Projector Fog Lamp Grill",3600,3600,"/images/products/scorpio-n-3-inches-projector-fog-lamp-grill.jpg","Car Amplifiers","SC-0192"
"Scorpio N centre speaker with Grill",7600,7600,"/images/products/scorpio-n-centre-speaker-with-grill.jpg","Car Speakers","SC-0193"
"Scorpio N Maybach Grill",7400,7400,"/images/products/scorpio-n-maybach-grill.jpg","Exterior","SC-0194"
"Sound Booster DBES 100.4 4 Channel Amplifier Class D",8400,8400,"/images/products/sound-booster-dbes-100-4-4-channel-amplifier-class-d.jpg","Car Amplifiers","SC-0195"
"Sound Booster DBES 1000.1 Mono Amplifier 1000W RMS w/Bass controller Class D",9200,9200,"/images/products/sound-booster-dbes-1000-1-mono-amplifier-1000w-rms-w-bass-co.jpg","Car Amplifiers","SC-0196"
"Speaker Rain Gaurd for Baleno 2016 onwards | Ferry Water Gaurd 6.5 inches Heavy Plastic ABS quality | 1 Pair Speaker Coupler | Proper Fit speaker Coupler",750,750,"/images/products/speaker-rain-gaurd-for-baleno-2016-onwards-ferry-water-gaurd.jpg","Car Speakers","SC-0197"
"Speaker Rain Gaurd for Brezza | Ferry Water Gaurd 6.5 inches Heavy Plastic ABS quality | 1 Pair Speaker Coupler | Proper Fit speaker Coupler",750,750,"/images/products/speaker-rain-gaurd-for-brezza-ferry-water-gaurd-6-5-inches-h.jpg","Car Speakers","SC-0198"
"Speaker Rain Gaurd for Fronx | Ferry Water Gaurd 6.5 inches Heavy Plastic ABS quality | 1 Pair Speaker Coupler | Proper Fit speaker Coupler",750,750,"/images/products/speaker-rain-gaurd-for-fronx-ferry-water-gaurd-6-5-inches-he.jpg","Car Speakers","SC-0199"
"Speaker Rain Gaurd for Grand Vitara | Ferry Water Gaurd 6.5 inches Heavy Plastic ABS quality | 1 Pair Speaker Coupler | Proper Fit speaker Coupler",750,750,"/images/products/speaker-rain-gaurd-for-grand-vitara-ferry-water-gaurd-6-5-in.jpg","Car Speakers","SC-0200"
"Speaker Rain Gaurd for Hyundai Creta | Ferry Water Gaurd 6.5 inches Heavy Plastic ABS quality | 1 Pair Speaker Coupler | Proper Fit speaker Coupler",750,750,"/images/products/speaker-rain-gaurd-for-hyundai-creta-ferry-water-gaurd-6-5-i.jpg","Car Speakers","SC-0201"
"Speaker Rain Gaurd for Hyundai Creta| Ferry Water Gaurd 6.5 inches Heavy Plastic ABS quality | 1 Pair Speaker Coupler | Proper Fit speaker Coupler",750,750,"/images/products/speaker-rain-gaurd-for-hyundai-creta-ferry-water-gaurd-6-5-i.jpg","Car Speakers","SC-0202"
"Speaker Rain Gaurd for Hyundai Exter| Ferry Water Gaurd 6.5 inches Heavy Plastic ABS quality | 1 Pair Speaker Coupler | Proper Fit speaker Coupler",750,750,"/images/products/speaker-rain-gaurd-for-hyundai-exter-ferry-water-gaurd-6-5-i.jpg","Car Speakers","SC-0203"
"Speaker Rain Gaurd for Hyundai Grand i10 nios| Ferry Water Gaurd 6.5 inches Heavy Plastic ABS quality | 1 Pair Speaker Coupler | Proper Fit speaker Coupler",750,750,"/images/products/speaker-rain-gaurd-for-hyundai-grand-i10-nios-ferry-water-ga.jpg","Car Speakers","SC-0204"
"Speaker Rain Gaurd for Hyundai i20 | Ferry Water Gaurd 6.5 inches Heavy Plastic ABS quality | 1 Pair Speaker Coupler | Proper Fit speaker Coupler",750,750,"/images/products/speaker-rain-gaurd-for-hyundai-i20-ferry-water-gaurd-6-5-inc.jpg","Car Speakers","SC-0205"
"Speaker Rain Gaurd for Hyundai New Creta | Ferry Water Gaurd 6.5 inches Heavy Plastic ABS quality | 1 Pair Speaker Coupler | Proper Fit speaker Coupler",750,750,"/images/products/speaker-rain-gaurd-for-hyundai-new-creta-ferry-water-gaurd-6.jpg","Car Speakers","SC-0206"
"Speaker Rain Gaurd for Hyundai New i20 elite | Ferry Water Gaurd 6.5 inches Heavy Plastic ABS quality | 1 Pair Speaker Coupler | Proper Fit speaker Coupler",750,750,"/images/products/speaker-rain-gaurd-for-hyundai-new-i20-elite-ferry-water-gau.jpg","Car Speakers","SC-0207"
"Speaker Rain Gaurd for Hyundai Venue| Ferry Water Gaurd 6.5 inches Heavy Plastic ABS quality | 1 Pair Speaker Coupler | Proper Fit speaker Coupler",750,750,"/images/products/speaker-rain-gaurd-for-hyundai-venue-ferry-water-gaurd-6-5-i.jpg","Car Speakers","SC-0208"
"Speaker Rain Gaurd for New Baleno| Ferry Water Gaurd 6.5 inches Heavy Plastic ABS quality | 1 Pair Speaker Coupler | Proper Fit speaker Coupler",750,750,"/images/products/speaker-rain-gaurd-for-new-baleno-ferry-water-gaurd-6-5-inch.jpg","Car Speakers","SC-0209"
"Speaker Rain Gaurd for Swift | Ferry Water Gaurd 6.5 inches Heavy Plastic ABS quality | 1 Pair Speaker Coupler | Proper Fit speaker Coupler",750,750,"/images/products/speaker-rain-gaurd-for-swift-ferry-water-gaurd-6-5-inches-he.jpg","Car Speakers","SC-0210"
"Speaker Spacers &amp; coupler combo for Maruti Cars",730,730,"/images/products/speaker-spacers-amp-coupler-combo-for-maruti-cars.jpg","Car Speakers","SC-0211"
"Superman Car Perfume Spray (50ml) - DC Comics OFFICIAL MERCHANDISE",1025,1025,"/images/products/superman-car-perfume-spray-50ml-dc-comics-official-merchandi.jpg","Car Perfumes","SC-0212"
"Swift 2018 onwards 9 inches Android Frame with Coupler",1100,1100,"/images/products/swift-2018-onwards-9-inches-android-frame-with-coupler.jpg","Car Stereos","SC-0213"
"Swift 2025 Height adjustment seat",9100,9100,"/images/products/swift-2025-height-adjustment-seat.jpg","Interior","SC-0214"
"Swift Camera Activator - To turn on Aftermarket Camera in Orignal Stereo",950,950,"/images/products/swift-camera-activator-to-turn-on-aftermarket-camera-in-orig.jpg","Car Stereos","SC-0215"
"Swift Camera Activator - To turn on orignal camera in Android Stereo",850,850,"/images/products/swift-camera-activator-to-turn-on-orignal-camera-in-android-.jpg","Car Stereos","SC-0216"
"Swift Top Model Steering - Leather Upholstery wrapped with all controls",6900,6900,"/images/products/swift-top-model-steering-leather-upholstery-wrapped-with-all.jpg","Interior","SC-0217"
"Taisor Screen Activator Video In Motion",1100,1100,"/images/products/taisor-screen-activator-video-in-motion.jpg","Accessories","SC-0218"
"Tata Altroz 9 inches Android Frame with Canbus",2900,2900,"/images/products/tata-altroz-9-inches-android-frame-with-canbus.jpg","Car Stereos","SC-0219"
"Tata Nexon 9 inches Android Frame with Canbus",3750,3750,"/images/products/tata-nexon-9-inches-android-frame-with-canbus.jpg","Car Stereos","SC-0220"
"Tata Nexon 9 inches Android Frame with Coupler",1450,1450,"/images/products/tata-nexon-9-inches-android-frame-with-coupler.jpg","Car Stereos","SC-0221"
"Tata Nexon android stereo - 4/64 GB With Android Frame",6800,6800,"/images/products/tata-nexon-android-stereo-4-64-gb-with-android-frame.jpg","Car Stereos","SC-0222"
"Tata Punch 9 inches Android Frame with Canbus",3750,3750,"/images/products/tata-punch-9-inches-android-frame-with-canbus.jpg","Car Stereos","SC-0223"
"Tata punch 9 inches Android Frame with Coupler",830,830,"/images/products/tata-punch-9-inches-android-frame-with-coupler.jpg","Car Stereos","SC-0224"
"Tata Punch android stereo - 4/64 GB With Android Frame",6800,6800,"/images/products/tata-punch-android-stereo-4-64-gb-with-android-frame.jpg","Car Stereos","SC-0225"
"Tata Tiago 9 inches Android Frame with Canbus",3750,3750,"/images/products/tata-tiago-9-inches-android-frame-with-canbus.jpg","Car Stereos","SC-0226"
"Tata Tigor 9 inches Android Frame with Canbus",3750,3750,"/images/products/tata-tigor-9-inches-android-frame-with-canbus.jpg","Car Stereos","SC-0227"
"The Joker Bobblehead Fiber Car Perfume with Batman Keychain | Action Figure Bobblehead | OFFICIAL DC MERCHANDISE Limited Edition for Car Dashboard &amp; Office Desk",1025,1025,"/images/products/the-joker-bobblehead-fiber-car-perfume-with-batman-keychain-.jpg","Car Amplifiers","SC-0228"
"The Joker Car Perfume Spray (50ml) - DC Comics OFFICIAL MERCHANDISE",1025,1025,"/images/products/the-joker-car-perfume-spray-50ml-dc-comics-official-merchand.jpg","Car Perfumes","SC-0229"
"Toyota Fortuner 2016 Onwards Ambient light",16400,16400,"/images/products/toyota-fortuner-2016-onwards-ambient-light.jpg","Lighting","SC-0230"
"Toyota Hyryder 9 inches Android Frame with Coupler (Gloss Black)",1400,1400,"/images/products/toyota-hyryder-9-inches-android-frame-with-coupler-gloss-bla.jpg","Car Stereos","SC-0231"
"Toyota Hyryder Steering with Audio &amp; Cruise Control Buttons Hub included",6500,6500,"/images/products/toyota-hyryder-steering-with-audio-amp-cruise-control-button.jpg","Car Amplifiers","SC-0232"
"Toyota Innova Crysta Reflector Lights with matrix function",1800,1800,"/images/products/toyota-innova-crysta-reflector-lights-with-matrix-function.jpg","Lighting","SC-0233"
"Toyota Innova Hycross Ambient lighting | Cardi K4 Set Of 17 Pieces",18500,18500,"/images/products/toyota-innova-hycross-ambient-lighting-cardi-k4-set-of-17-pi.jpg","Lighting","SC-0234"
"Toyota Innova Hycross Reflector Lights with matrix function",1800,1800,"/images/products/toyota-innova-hycross-reflector-lights-with-matrix-function.jpg","Lighting","SC-0235"
"Uno minda Foglamp Wiring",1350,1350,"/images/products/uno-minda-foglamp-wiring.jpg","Car Amplifiers","SC-0236"
"Unplug 2.0mm Damping Sheets | Pack of 10 sheets",6200,6200,"/images/products/unplug-2-0mm-damping-sheets-pack-of-10-sheets.jpg","Car Amplifiers","SC-0237"
"Unplug San Antonio 960 Android stereo with 4GB Ram 64GB Storage Licensed Model (FREE AHD REVERSE CAMERA)",14300,14300,"/images/products/unplug-san-antonio-960-android-stereo-with-4gb-ram-64gb-stor.jpg","Car Stereos","SC-0238"
"Unplug San Jose 660 Android stereo with 2GB Ram 64GB Storage Licensed Model (FREE AHD REVERSE CAMERA)",12490,12490,"/images/products/unplug-san-jose-660-android-stereo-with-2gb-ram-64gb-storage.jpg","Car Stereos","SC-0239"
"Venue Android stereo - 4/64 GB With Android Frame",6800,6800,"/images/products/venue-android-stereo-4-64-gb-with-android-frame.jpg","Car Stereos","SC-0240"
"Vextron XT6 Edition Noir – 6 INCHES Two-Way Coaxial Speakers",1850,1850,"/images/products/vextron-xt6-edition-noir-6-inches-two-way-coaxial-speakers.jpg","Car Speakers","SC-0241"
"Volkswagen Polo 2010-20 LED Reflector Lights - Design A",1800,1800,"/images/products/volkswagen-polo-2010-20-led-reflector-lights-design-a.jpg","Lighting","SC-0242"
"Volkswagen Polo android stereo - 4/64 GB With Android Frame",6800,6800,"/images/products/volkswagen-polo-android-stereo-4-64-gb-with-android-frame.jpg","Car Stereos","SC-0243"
"Volkswagen Virtus / Skoda Slavia ABS lip spoiler",4880,4880,"/images/products/volkswagen-virtus-skoda-slavia-abs-lip-spoiler.jpg","Car Accessories","SC-0244"
"Wagonr android stereo - 4/64 GB With Android Frame",5800,5800,"/images/products/wagonr-android-stereo-4-64-gb-with-android-frame.jpg","Car Stereos","SC-0245"
"XL6 Android Frame 9 Inches With Coupler",630,630,"/images/products/xl6-android-frame-9-inches-with-coupler.jpg","Car Stereos","SC-0246"
"XUV 3XO Reflector Lights with Matrix Function - Smoke Glass",3700,3700,"/images/products/xuv-3xo-reflector-lights-with-matrix-function-smoke-glass.jpg","Lighting","SC-0247"
"Xuv 3xo Wireless Charging Pad Mahindra Orignal Part",3650,3650,"/images/products/xuv-3xo-wireless-charging-pad-mahindra-orignal-part.jpg","Car Accessories","SC-0248"
"XUV 700 Real Carbon Steering Wheel",31000,31000,"/images/products/xuv-700-real-carbon-steering-wheel.jpg","Interior","SC-0249"
"Xuv 700 Wireless Charging Pad Mahindra Orignal Part",3650,3650,"/images/products/xuv-700-wireless-charging-pad-mahindra-orignal-part.jpg","Car Accessories","SC-0250"
"Yeemo DSP Amplifier for android stereo AMP02",4850,4850,"/images/products/yeemo-dsp-amplifier-for-android-stereo-amp02.jpg","Car Stereos","SC-0251"
"YueMi E1 Pro Car Android Stereo (2GB RAM 64GB ROM)",11000,11000,"/images/products/yuemi-e1-pro-car-android-stereo-2gb-ram-64gb-rom.jpg","Car Stereos","SC-0252"
"YueMi Ecosystem A4 4CHANNEL Class D Amplifier (4x100W)",10200,10200,"/images/products/yuemi-ecosystem-a4-4channel-class-d-amplifier-4x100w.jpg","Car Amplifiers","SC-0253"
"Yuemi Ecosystem P20 2&quot; LED Projector Fog Lamp for Cars",13900,13900,"/images/products/yuemi-ecosystem-p20-2-quot-led-projector-fog-lamp-for-cars.jpg","Car Amplifiers","SC-0254"
"Yuemi Ecosystem P50 3&quot; LED Projector Fog Lamp for Cars",13900,13900,"/images/products/yuemi-ecosystem-p50-3-quot-led-projector-fog-lamp-for-cars.jpg","Car Amplifiers","SC-0255"
"YueMi Ecosystem Q5 Dashcam 3 Channel Dashcam with Ai Number plate Detection",15900,15900,"/images/products/yuemi-ecosystem-q5-dashcam-3-channel-dashcam-with-ai-number-.jpg","Electronics","SC-0256"
"Yuemi Ecosystem Rear View Camera C-3, 1080P Dome Cap Style Rear AHD Camera",1900,1900,"/images/products/yuemi-ecosystem-rear-view-camera-c-3-1080p-dome-cap-style-re.jpg","Electronics","SC-0257"
"YueMi Ecosystem Reverse Camera 1080p | No drilling required",2300,2300,"/images/products/yuemi-ecosystem-reverse-camera-1080p-no-drilling-required.jpg","Electronics","SC-0258"
"YueMi G1 2.2MM Sound Damping Sheets (800x460MM) Pack of 10 Sheets",7000,7000,"/images/products/yuemi-g1-2-2mm-sound-damping-sheets-800x460mm-pack-of-10-she.jpg","Car Amplifiers","SC-0259"
"YueMi M1 Pro Car Android Stereo (4GB RAM 64GB ROM)",15900,15900,"/images/products/yuemi-m1-pro-car-android-stereo-4gb-ram-64gb-rom.jpg","Car Stereos","SC-0260"
"YueMi M11 Car Infotainment System 4GB RAM 64GB Storage | 11.5&quot; Display | Digital Knob Interface",29500,29500,"/images/products/yuemi-m11-car-infotainment-system-4gb-ram-64gb-storage-11-5-.jpg","Car Accessories","SC-0261"
"YueMi M2 2GB+32 GB Android Stereo with 360° Birdview Support &amp; DSP (DDR 4 RAM",18959,18959,"/images/products/yuemi-m2-2gb-32-gb-android-stereo-with-360-birdview-support-.jpg","Car Stereos","SC-0262"
"Yuemi M4 4GB+64 GB Multimedia Player with 360° Birdview, Support 4G Internet",24127,24127,"/images/products/yuemi-m4-4gb-64-gb-multimedia-player-with-360-birdview-suppo.jpg","Car Accessories","SC-0263"